id,nome,lat,lon,demanda1,demanda2,skills
c1,Cliente 1,-25.209667021543385,-49.40145429705545,1,0,s5;s4;s3;s3;s5
c2,Cliente 2,-24.13874570952455,-46.92521413709721,1,0,s1;s4;s4;s2;s1
c3,Cliente 3,-24.172240815260512,-49.896681009667184,1,0,s1;s2
c4,Cliente 4,-25.14299718403489,-49.85055479238494,1,0,s5;s1;s4;s5
c5,Cliente 5,-25.01998546533181,-46.34772034549956,1,0,s1;s1
c6,Cliente 6,-23.425295385539293,-48.22672047170854,1,0,
c7,Cliente 7,-23.7017271168718,-47.40696529803523,1,0,s4;s5;s4;s2
c8,Cliente 8,-25.195089229872785,-48.13883183436496,1,0,
c9,Cliente 9,-23.58222960911056,-49.21670225915165,1,0,s2;s4;s5;s3
c10,Cliente 10,-24.02220274747714,-46.85042944556985,1,0,
c11,Cliente 11,-24.821771756550046,-49.242379227494844,1,0,s4;s4;s5;s2;s3
c12,Cliente 12,-23.471271013222097,-47.80862264414242,1,0,s2;s3;s5
c13,Cliente 13,-25.216423537019576,-48.19505678560235,1,0,s4;s4;s2;s2;s5
c14,Cliente 14,-24.126553504052016,-48.211767444984744,1,0,s3;s3;s2;s2
c15,Cliente 15,-23.951069024274812,-49.63300686370441,1,0,s4;s1;s2;s2
c16,Cliente 16,-24.169711658967717,-48.24919076580157,1,0,s4;s3;s2;s1
c17,Cliente 17,-23.358906294331355,-49.80661557691634,1,0,s1;s2;s2;s5
c18,Cliente 18,-24.984760062362483,-46.99870911475463,1,0,s3;s2
c19,Cliente 19,-25.251322906671675,-49.14273712688688,1,0,s2;s4;s3;s2
c20,Cliente 20,-23.32007944716546,-46.30814035559156,1,0,s3
c21,Cliente 21,-24.57675947478782,-49.617962022745076,1,0,s5;s2;s5;s5
c22,Cliente 22,-24.912452285006804,-48.76325129016886,1,0,s5;s4;s2;s2;s1
c23,Cliente 23,-25.1929606565897,-46.9149528728598,1,0,s5;s5
c24,Cliente 24,-24.561749372868732,-49.5604275643645,1,0,s3;s3
c25,Cliente 25,-25.034970816581144,-46.74577131492619,1,0,s4
c26,Cliente 26,-23.37196486154619,-49.326697628382725,1,0,s4;s2;s5
c27,Cliente 27,-24.74438829632758,-49.6498105885557,1,0,s5
c28,Cliente 28,-25.10012377259389,-49.66473962861847,1,0,s5
c29,Cliente 29,-23.991054097476233,-48.758654767013056,1,0,s1;s1;s3
c30,Cliente 30,-23.65021178135438,-48.516267355635364,1,0,s3;s5;s5
c31,Cliente 31,-25.029427419532933,-48.75369313456862,1,0,s1;s5;s1
c32,Cliente 32,-24.076944080824507,-46.36888378546476,1,0,s3
c33,Cliente 33,-25.170090312516603,-47.619533785676886,1,0,
c34,Cliente 34,-24.725854515589305,-49.530081018786106,1,0,s1;s3;s1;s2;s3
c35,Cliente 35,-24.277669934639913,-48.96421558139529,1,0,
c36,Cliente 36,-24.77081477503463,-48.35927388718843,1,0,s2;s4;s4;s3;s4
c37,Cliente 37,-24.27714018192939,-46.81957819195731,1,0,s5;s2;s1;s2;s3
c38,Cliente 38,-25.186259130928892,-47.65002668385293,1,0,s1;s5;s3;s4
c39,Cliente 39,-25.205942449107674,-47.39149215625142,1,0,
c40,Cliente 40,-24.452988845939498,-48.77828041555572,1,0,
c41,Cliente 41,-23.410629753545415,-49.60815140804179,1,0,s2;s2;s1;s4;s4
c42,Cliente 42,-24.397688650234976,-47.09436697453255,1,0,s1;s4
c43,Cliente 43,-24.2592808198369,-46.70371931910983,1,0,
c44,Cliente 44,-24.43798055137071,-47.1243140920095,1,0,s1;s2;s2;s1;s4
c45,Cliente 45,-23.565528985786244,-48.30372964383151,1,0,s1;s3;s5;s3
c46,Cliente 46,-23.6582809403799,-46.81598148313414,1,0,s3;s3;s2;s3;s2
c47,Cliente 47,-24.318746555650083,-47.18482029830197,1,0,
c48,Cliente 48,-23.696949712670396,-46.449163649861745,1,0,s5;s3;s5
c49,Cliente 49,-25.27922097318266,-46.30747111267337,1,0,
c50,Cliente 50,-24.92251121548514,-49.13234498694341,1,0,s3;s2;s3
c51,Cliente 51,-23.374564638893236,-48.898503482953984,1,0,
c52,Cliente 52,-24.147481266135,-49.82040750049898,1,0,s1;s5;s3;s5
c53,Cliente 53,-23.98431306785369,-47.62202126130373,1,0,s1;s1;s5
c54,Cliente 54,-24.421104130142414,-49.807711672668894,1,0,s4
c55,Cliente 55,-23.69368990029057,-46.84011415144367,1,0,s4
c56,Cliente 56,-24.022494403300158,-49.35662483557327,1,0,s1;s2;s1;s4;s5
c57,Cliente 57,-23.382028156170474,-49.414907805834595,1,0,s4
c58,Cliente 58,-23.939646725928053,-49.005473086041945,1,0,s5;s5
c59,Cliente 59,-24.214092011361412,-47.45941348676369,1,0,s5
c60,Cliente 60,-23.49153315000875,-46.98999833654918,1,0,s5;s5;s5;s5;s3
c61,Cliente 61,-24.021322440679803,-48.203551624197644,1,0,s1;s4;s4
c62,Cliente 62,-23.82473919152179,-46.40269429116328,1,0,s3;s4;s1
c63,Cliente 63,-23.72006793433752,-47.37916155663173,1,0,s5
c64,Cliente 64,-24.531470250485,-48.358066941864,1,0,s2;s3
c65,Cliente 65,-23.653082215636303,-47.91037677835872,1,0,s5;s2;s4;s2;s4
c66,Cliente 66,-24.47435459247806,-48.40648946017481,1,0,s2;s2;s1;s5
c67,Cliente 67,-24.234763420183675,-48.12251967371561,1,0,s3;s2;s2
c68,Cliente 68,-23.597241998318196,-49.60948297985208,1,0,
c69,Cliente 69,-24.496265288062702,-48.70382138756115,1,0,
c70,Cliente 70,-23.841538562322246,-48.15367007825282,1,0,s1
c71,Cliente 71,-23.74933591844113,-49.09407126037283,1,0,s3;s4
c72,Cliente 72,-23.691965976889573,-48.12294877389555,1,0,s4
c73,Cliente 73,-23.465290445206016,-49.29231941077268,1,0,s5;s2;s5;s3;s3
c74,Cliente 74,-23.69280757569596,-49.04723417386904,1,0,
c75,Cliente 75,-24.54819008438734,-49.14753268202988,1,0,s3;s5;s1;s1
c76,Cliente 76,-24.442882905239518,-47.57676366589796,1,0,s2;s4
c77,Cliente 77,-24.622709442892706,-48.8891132457653,1,0,s5;s1
c78,Cliente 78,-23.30761415339943,-46.474581519947414,1,0,s5;s4;s2;s1;s4
c79,Cliente 79,-23.44049450518349,-48.12021484306029,1,0,s2
c80,Cliente 80,-23.62584336640594,-47.07381493288716,1,0,s4;s4;s3
c81,Cliente 81,-24.350608501448118,-47.92465812177302,1,0,s5;s1;s4
c82,Cliente 82,-25.03086084911218,-46.56539802224771,1,0,s2;s2;s3;s1;s2
c83,Cliente 83,-23.5547814033419,-48.1395363455445,1,0,s2;s1;s5
c84,Cliente 84,-23.383772508376946,-48.87203833122509,1,0,s3;s3;s3;s3;s3
c85,Cliente 85,-23.805166078583085,-47.05295152521822,1,0,
c86,Cliente 86,-23.644458290540417,-49.540900447308886,1,0,s1;s3;s5;s5;s1
c87,Cliente 87,-23.753869619476642,-48.014677402373444,1,0,s5;s1;s2;s1
c88,Cliente 88,-24.697798448999816,-48.19093866582819,1,0,s3;s5
c89,Cliente 89,-24.557290134362095,-47.56341536095521,1,0,s5;s3;s3
c90,Cliente 90,-25.047072030366955,-46.97608868497474,1,0,s4;s5;s4
c91,Cliente 91,-24.136564616467048,-47.69443774961718,1,0,s2;s2;s3;s2
c92,Cliente 92,-24.118946886099103,-46.94033323246509,1,0,
c93,Cliente 93,-25.06240102578362,-48.166405696235486,1,0,s2;s4;s4;s5;s5
c94,Cliente 94,-24.59882532218473,-49.833265489565115,1,0,s2;s3;s2
c95,Cliente 95,-23.900742819419957,-49.7936931882289,1,0,s4;s2;s1;s2
c96,Cliente 96,-23.85069092009327,-48.06203128128738,1,0,s2
c97,Cliente 97,-24.719457485252544,-48.624321894964524,1,0,s4;s2;s5;s3;s2
c98,Cliente 98,-24.39661648148027,-47.61370322672348,1,0,
c99,Cliente 99,-24.2186645899078,-47.0030442890621,1,0,s2;s5;s5;s2;s3
c100,Cliente 100,-24.806842920004843,-47.31765529004722,1,0,s1;s3;s1;s3
c101,Cliente 101,-24.977775745437466,-46.823260727726954,1,0,s1;s2;s4;s1
c102,Cliente 102,-24.87810304392735,-49.00352413469469,1,0,s2;s2;s3
c103,Cliente 103,-23.685605294976835,-49.37758615023968,1,0,s2;s2;s5;s1
c104,Cliente 104,-25.09359695408981,-48.6925428563875,1,0,s4;s3
c105,Cliente 105,-23.35309339146943,-47.73050434275334,1,0,s1;s3;s4
c106,Cliente 106,-23.765069235419844,-49.3740318662366,1,0,s2;s1
c107,Cliente 107,-24.360668559820905,-49.12992422743087,1,0,s4;s5
c108,Cliente 108,-24.649471135332234,-46.59179446260204,1,0,s4;s2;s1;s2;s5
c109,Cliente 109,-24.71279231600707,-49.34412645964362,1,0,s1;s5
c110,Cliente 110,-24.067295337529533,-49.31292138861362,1,0,s2;s1;s1
c111,Cliente 111,-23.434419609050906,-47.67315861939334,1,0,s1;s3;s5;s4
c112,Cliente 112,-24.399606668258517,-46.445701742136464,1,0,s4;s1;s4
c113,Cliente 113,-25.026750545874965,-47.52034714203865,1,0,s3;s3
c114,Cliente 114,-24.13433321462361,-49.36820805235388,1,0,s1;s1;s1;s4;s2
c115,Cliente 115,-25.05810661755971,-49.55754289727962,1,0,s4;s2
c116,Cliente 116,-23.70576885962068,-48.54098620832987,1,0,
c117,Cliente 117,-24.75773124987469,-48.66390784147008,1,0,
c118,Cliente 118,-25.06854869080138,-47.8932375803012,1,0,
c119,Cliente 119,-25.063836424120336,-49.03272082951198,1,0,
c120,Cliente 120,-24.22404434076372,-48.705889908577916,1,0,
c121,Cliente 121,-24.7389993845679,-46.59101161408696,1,0,
c122,Cliente 122,-23.904266243258398,-46.84714061024535,1,0,s4;s3
c123,Cliente 123,-23.777227279851456,-48.82276279629738,1,0,s1
c124,Cliente 124,-24.69127098349839,-46.63255699134886,1,0,s5;s5;s1
c125,Cliente 125,-24.72448165133884,-47.25761212560569,1,0,s1;s2
c126,Cliente 126,-23.40957569911618,-46.8263610068717,1,0,s2;s3;s4;s3
c127,Cliente 127,-24.16155298012725,-46.544757008737804,1,0,s3;s3;s2
c128,Cliente 128,-23.516730165531342,-46.90101637983911,1,0,s3
c129,Cliente 129,-24.968005399543117,-49.211881397161825,1,0,
c130,Cliente 130,-24.381685809081173,-49.033085873210936,1,0,s3;s3;s1;s5;s5
c131,Cliente 131,-24.21089229963476,-49.47080977402145,1,0,s2;s4;s5
c132,Cliente 132,-24.534337618023073,-46.94112141598923,1,0,s2;s1;s5;s4
c133,Cliente 133,-24.35503691596137,-48.88032796755792,1,0,s1;s2
c134,Cliente 134,-24.881998446765845,-47.441346551294615,1,0,
c135,Cliente 135,-23.8860665469465,-47.279948343749425,1,0,s5
c136,Cliente 136,-24.581994272852114,-47.79911874080041,1,0,s3;s4;s1
c137,Cliente 137,-23.593726203824748,-48.51493655432679,1,0,
c138,Cliente 138,-25.28435000980322,-46.70836236111389,1,0,s2;s5;s4
c139,Cliente 139,-24.233684575199852,-48.47606937082247,1,0,s5;s4;s5
c140,Cliente 140,-24.21105973893752,-48.621156635608244,1,0,
c141,Cliente 141,-24.60301867156742,-48.00401396834782,1,0,s5;s2;s2;s2;s4
c142,Cliente 142,-25.200132153035323,-46.85838824457082,1,0,s2;s3;s5;s2;s4
c143,Cliente 143,-23.421903732290012,-46.99857018286447,1,0,s2;s2
c144,Cliente 144,-23.550193098222394,-48.925772395113206,1,0,s4;s4
c145,Cliente 145,-25.249553930824764,-49.13123296657344,1,0,
c146,Cliente 146,-23.371394084835263,-47.01984099410967,1,0,s4;s3;s2;s3;s3
c147,Cliente 147,-24.488127684964088,-48.731680799019344,1,0,s4;s4;s4;s4
c148,Cliente 148,-23.52448278390073,-48.3844091302863,1,0,s3;s3;s1;s4
c149,Cliente 149,-24.105091731763004,-46.722408037750114,1,0,s5;s3;s1;s5
c150,Cliente 150,-23.320006707355617,-47.93157490765535,1,0,
c151,Cliente 151,-24.204532106433987,-49.14730865342986,1,0,
c152,Cliente 152,-25.10784164121141,-49.746119200574284,1,0,s1;s1;s5
c153,Cliente 153,-25.044875196479442,-47.28756198602605,1,0,s2;s2;s4;s1
c154,Cliente 154,-25.249124282392145,-47.176312934113774,1,0,
c155,Cliente 155,-24.956393596291367,-46.800107806201,1,0,s1;s4;s3;s1
c156,Cliente 156,-24.234265735564335,-48.79829731753818,1,0,s3;s1
c157,Cliente 157,-25.286254421476514,-46.35578819387745,1,0,
c158,Cliente 158,-23.426904617223094,-48.77314123052033,1,0,s5;s3
c159,Cliente 159,-23.44033723573223,-47.64216997665939,1,0,s3;s5;s4;s2;s1
c160,Cliente 160,-23.40953863947359,-48.274901810023046,1,0,s2;s5;s4;s3
c161,Cliente 161,-23.74833330412181,-47.66012257205869,1,0,s2;s2;s5;s5;s1
c162,Cliente 162,-24.78657743003047,-46.50707155134246,1,0,s2;s2
c163,Cliente 163,-23.425982313529918,-46.78459864000766,1,0,s4;s1;s4;s1;s1
c164,Cliente 164,-23.460412365159133,-47.30493868452865,1,0,s3
c165,Cliente 165,-24.12296813775416,-47.86276324975281,1,0,s1;s1;s4;s1
c166,Cliente 166,-25.11802703849097,-46.88779634928087,1,0,s1;s3;s2;s1;s5
c167,Cliente 167,-23.98411998318188,-48.89022663284028,1,0,s3;s2;s4;s3
c168,Cliente 168,-24.270701034032243,-46.80994658491088,1,0,s5
c169,Cliente 169,-23.41924182853025,-49.646495715286015,1,0,s1;s4;s4
c170,Cliente 170,-24.79096373604224,-47.449999160831375,1,0,
c171,Cliente 171,-24.451908842960158,-48.982498637352855,1,0,s4;s5
c172,Cliente 172,-23.88878739493794,-47.444039291371546,1,0,s5
c173,Cliente 173,-25.02749018712633,-47.690691366455866,1,0,s4;s3;s4;s3
c174,Cliente 174,-23.342823623754487,-46.48925281211962,1,0,s1
c175,Cliente 175,-24.650050012323426,-48.40976183550224,1,0,s3;s5;s2
c176,Cliente 176,-24.096816281150012,-47.11924980072769,1,0,s2
c177,Cliente 177,-24.1326776370683,-48.11166557194416,1,0,s3
c178,Cliente 178,-24.844769022200136,-46.34555324096718,1,0,
c179,Cliente 179,-23.784323495166305,-46.69208090330777,1,0,s4;s5
c180,Cliente 180,-24.05746411899103,-47.624217705897244,1,0,s4;s4;s1;s3
c181,Cliente 181,-23.358862460346057,-47.10812349553629,1,0,s4;s4;s1
c182,Cliente 182,-24.368592830028888,-46.92357340150565,1,0,s2;s5;s4;s4;s1
c183,Cliente 183,-24.00381276492066,-48.91865237846508,1,0,s1;s5;s2;s2
c184,Cliente 184,-24.25762927689641,-46.64603222802942,1,0,s3;s3;s4;s3;s4
c185,Cliente 185,-24.214826261127904,-47.3983394833172,1,0,s2
c186,Cliente 186,-24.86264974270626,-48.60362547878251,1,0,s2
c187,Cliente 187,-24.760075878420015,-46.49428172072884,1,0,s3;s2
c188,Cliente 188,-23.871183994100964,-47.89888547252192,1,0,
c189,Cliente 189,-24.230954883693247,-49.11562701135534,1,0,
c190,Cliente 190,-23.68016305895071,-47.04504871920885,1,0,s1;s2;s4
c191,Cliente 191,-23.392829514509046,-48.226827484983986,1,0,
c192,Cliente 192,-23.763177084914197,-49.34092462869114,1,0,s2;s5;s5
c193,Cliente 193,-24.268298918177734,-47.122887433375055,1,0,s3
c194,Cliente 194,-24.309989510287206,-49.32069168194147,1,0,s2;s4;s3;s5;s5
c195,Cliente 195,-25.211737390501984,-48.23348875444195,1,0,s3;s1;s1
c196,Cliente 196,-23.528143133567216,-47.2808176541218,1,0,s1;s1;s4;s5
c197,Cliente 197,-23.387145461916315,-49.63780446774193,1,0,s2
c198,Cliente 198,-25.045317907290844,-46.78312469049906,1,0,s4;s4;s5;s4
c199,Cliente 199,-23.481283176737698,-46.416252014782536,1,0,s1
c200,Cliente 200,-23.444394178545718,-46.60721647653018,1,0,s5;s1
c201,Cliente 201,-24.492333005530444,-47.491791368964115,1,0,
c202,Cliente 202,-24.437694458853002,-49.540442422877746,1,0,s3;s3;s3;s3
c203,Cliente 203,-23.657468409770267,-48.06607825756453,1,0,s4;s5;s4;s5
c204,Cliente 204,-24.6360805522854,-48.44489950057391,1,0,s4;s2;s5;s1;s4
c205,Cliente 205,-23.558784228489547,-49.111909226358186,1,0,s3;s3;s4
c206,Cliente 206,-25.127994135332187,-47.55856898803586,1,0,s1;s1;s5
c207,Cliente 207,-23.879746137323846,-46.84365166028792,1,0,s5;s3;s2
c208,Cliente 208,-25.096839157013843,-49.75908377370829,1,0,s3;s1;s3;s1;s4
c209,Cliente 209,-23.54423781732495,-48.4913525565801,1,0,
c210,Cliente 210,-24.771319221561033,-47.15632526783631,1,0,
c211,Cliente 211,-24.795163062122803,-49.09950787119084,1,0,s2;s3;s2;s5
c212,Cliente 212,-24.62226536871442,-47.14537097257829,1,0,s5;s5;s4
c213,Cliente 213,-24.955566462319215,-46.99950304314556,1,0,
c214,Cliente 214,-23.83811161358896,-48.1377482041639,1,0,s5;s4;s1;s2
c215,Cliente 215,-23.960934256699183,-47.21188548413529,1,0,s3;s2;s4;s4
c216,Cliente 216,-24.06775414058497,-48.72437138326265,1,0,s2;s1;s5;s2
c217,Cliente 217,-23.413506134501084,-49.55700747026307,1,0,
c218,Cliente 218,-23.57996578015532,-48.964467190211586,1,0,s2;s3;s2;s5
c219,Cliente 219,-25.091590890298217,-48.38573720483099,1,0,s5
c220,Cliente 220,-23.695025050679998,-48.89339040455685,1,0,s4;s2;s2;s4
c221,Cliente 221,-24.725014663940716,-46.54446398635819,1,0,s3;s4;s5;s1;s5
c222,Cliente 222,-23.883444184095126,-46.69427404228301,1,0,s5;s2;s2;s2;s1
c223,Cliente 223,-25.082502650106093,-47.34985817446635,1,0,s3;s2;s4;s2
c224,Cliente 224,-23.387369641651226,-48.31050677700922,1,0,s4;s4
c225,Cliente 225,-24.52750448769999,-49.13184331128095,1,0,s2;s3;s3;s2
c226,Cliente 226,-23.923426142854666,-49.82787426627751,1,0,s3;s5;s1;s5;s5
c227,Cliente 227,-24.283626550324442,-47.90940934093353,1,0,s4;s5;s5;s1
c228,Cliente 228,-24.936691459245715,-49.12093719340413,1,0,
c229,Cliente 229,-24.682941701319432,-47.670194547142536,1,0,s2;s1;s3
c230,Cliente 230,-24.794306180060907,-48.38731148240431,1,0,s5
c231,Cliente 231,-25.288459330163544,-47.72315070814969,1,0,s3;s3;s1
c232,Cliente 232,-23.498782620781864,-48.44597541584971,1,0,s2;s2;s4;s5;s2
c233,Cliente 233,-23.81324716505852,-47.71110054186941,1,0,s5
c234,Cliente 234,-24.639024430372455,-46.69660057042624,1,0,s5;s4;s2;s3
c235,Cliente 235,-23.326433296154278,-49.89617469939542,1,0,s4;s1;s4;s5;s4
c236,Cliente 236,-25.18766850802611,-49.648691843221066,1,0,
c237,Cliente 237,-23.472074864615834,-47.65400339034802,1,0,s3;s3
c238,Cliente 238,-23.640143704551782,-49.785822343358646,1,0,s3;s4;s2;s2
c239,Cliente 239,-23.36726476263591,-49.58851326020151,1,0,s2;s5;s1;s5;s5
c240,Cliente 240,-24.368897232620146,-46.60340713335727,1,0,s2;s1;s2;s3
c241,Cliente 241,-25.168273827861377,-49.084177564390465,1,0,s4;s2;s1
c242,Cliente 242,-25.056138690369842,-47.60009969392663,1,0,s3;s4
c243,Cliente 243,-23.993427183702618,-48.34394384987168,1,0,
c244,Cliente 244,-24.425456388668614,-49.782147555904494,1,0,s5;s2;s3;s1;s4
c245,Cliente 245,-24.904992901833943,-47.13808294832791,1,0,s5;s1;s3
c246,Cliente 246,-23.35727582419553,-47.54006572619244,1,0,s5;s3;s4
c247,Cliente 247,-24.673314974525855,-46.71803550263362,1,0,s3;s4
c248,Cliente 248,-23.48231739242737,-47.522525615017805,1,0,s1;s1;s1;s2
c249,Cliente 249,-23.869947460791064,-49.06549713230031,1,0,
c250,Cliente 250,-24.88506621739681,-49.7868892927551,1,0,s3;s3;s4;s2
c251,Cliente 251,-25.010375343551072,-46.92062849575593,1,0,s3;s3;s2;s4
c252,Cliente 252,-24.231066113156075,-48.59649463110025,1,0,s5;s2
c253,Cliente 253,-24.388860036764278,-48.56396448305351,1,0,s2;s3;s2;s4;s5
c254,Cliente 254,-24.130771486257533,-48.094495775380345,1,0,s4
c255,Cliente 255,-23.98112524664221,-48.965632373133175,1,0,s4;s1;s4;s5;s1
c256,Cliente 256,-24.063008962255893,-47.18570605910893,1,0,s4
c257,Cliente 257,-24.543981030285188,-46.8706065416425,1,0,s3;s1;s2;s1
c258,Cliente 258,-23.603573811398096,-49.65382079066184,1,0,s1;s1;s3;s1
c259,Cliente 259,-24.250908518356205,-47.93220911650447,1,0,s5
c260,Cliente 260,-24.734790639811205,-49.18211602817041,1,0,s3;s4;s2
c261,Cliente 261,-25.253263364921075,-47.79028557750562,1,0,s2;s4
c262,Cliente 262,-23.910626698219513,-47.47115043380409,1,0,s1;s1
c263,Cliente 263,-23.655533925232,-48.303759999549165,1,0,
c264,Cliente 264,-24.696223100554807,-47.260072803360124,1,0,s4;s4;s4
c265,Cliente 265,-23.695168554134803,-47.814899345862145,1,0,s5
c266,Cliente 266,-25.15397316620912,-48.495759867832014,1,0,s1
c267,Cliente 267,-24.27523428858286,-49.85316459014538,1,0,s4
c268,Cliente 268,-23.542991211447546,-46.317273693670174,1,0,s1;s3
c269,Cliente 269,-24.412022001933522,-49.099067824149984,1,0,
c270,Cliente 270,-24.409671718159636,-46.41145598138352,1,0,s1
c271,Cliente 271,-25.063694900018106,-48.11661169232234,1,0,s2;s3;s2;s5
c272,Cliente 272,-24.48691635502579,-48.91179566654123,1,0,s1;s2;s2;s4;s4
c273,Cliente 273,-24.906476676512057,-48.31406029266406,1,0,s2;s4;s3
c274,Cliente 274,-24.311211747318403,-46.6648293417053,1,0,s5;s3;s3;s5;s3
c275,Cliente 275,-24.627544883364695,-48.83289560246626,1,0,
c276,Cliente 276,-24.189381102566145,-47.888880316470875,1,0,s2
c277,Cliente 277,-24.96333333559654,-47.74931636124553,1,0,s1;s2
c278,Cliente 278,-23.620552017716914,-47.30973233474629,1,0,
c279,Cliente 279,-24.746755426562945,-46.75906632569411,1,0,
c280,Cliente 280,-23.847549282064374,-48.130966761599346,1,0,s4;s5;s5;s2;s5
c281,Cliente 281,-23.30076620539093,-49.6064171482929,1,0,
c282,Cliente 282,-24.307630046410292,-48.37219562334718,1,0,s3;s1;s1;s5;s5
c283,Cliente 283,-24.36071712684418,-47.134123445712035,1,0,s2
c284,Cliente 284,-24.999348718387782,-48.602593068134965,1,0,s3;s1;s2;s3
c285,Cliente 285,-23.899914257042436,-47.86564690959402,1,0,
c286,Cliente 286,-24.95508880480264,-48.554975457242776,1,0,s2;s1
c287,Cliente 287,-24.679102250220282,-48.15187658171969,1,0,s4;s3
c288,Cliente 288,-24.41261420305465,-46.33566513733508,1,0,s2
c289,Cliente 289,-25.11813196930494,-47.43485592583674,1,0,s4;s2
c290,Cliente 290,-24.260952435876717,-47.7837158649897,1,0,s4;s1;s3;s1;s5
c291,Cliente 291,-24.688240368979844,-47.48783117205696,1,0,
c292,Cliente 292,-25.24013956253112,-48.805106208739005,1,0,s1;s5;s3
c293,Cliente 293,-23.367083217886496,-47.801586921622004,1,0,s5;s4;s4;s4
c294,Cliente 294,-24.741570983283076,-49.390939795319554,1,0,s3;s1;s3;s4;s1
c295,Cliente 295,-23.459667970761576,-49.20936987398191,1,0,
c296,Cliente 296,-23.568532333552742,-49.58978644534459,1,0,
c297,Cliente 297,-23.957447745779067,-49.88793549194058,1,0,
c298,Cliente 298,-24.879427276076537,-49.77125569684114,1,0,s5;s5;s4
c299,Cliente 299,-24.12421330965033,-46.47908578144282,1,0,s5;s1
c300,Cliente 300,-24.735018218680437,-47.07596021801731,1,0,s2;s1;s4
c301,Cliente 301,-23.931569260715662,-46.860066361618294,1,0,s4;s5;s4;s4;s3
c302,Cliente 302,-23.701484132546224,-48.270596990195216,1,0,s4;s4
c303,Cliente 303,-24.902996152344308,-48.96435138538271,1,0,
c304,Cliente 304,-25.061521094109455,-47.408947919002195,1,0,s5;s5;s5
c305,Cliente 305,-24.824456549919752,-49.31813412419604,1,0,s5;s4;s1
c306,Cliente 306,-24.6074856646185,-47.1483428073248,1,0,
c307,Cliente 307,-23.404696842811784,-47.23789933741793,1,0,s1;s2;s2;s4
c308,Cliente 308,-24.707988484436783,-48.88672673877727,1,0,
c309,Cliente 309,-23.81412278988966,-48.121317539197825,1,0,s2
c310,Cliente 310,-23.912641771039585,-47.43101904728864,1,0,s5;s5
c311,Cliente 311,-24.135036290372373,-49.027582335703535,1,0,s4;s2;s3
c312,Cliente 312,-24.090217483411305,-49.35660118932143,1,0,s5;s4;s3;s4;s5
c313,Cliente 313,-25.059416984031202,-49.041314015510295,1,0,s4;s1;s4;s1
c314,Cliente 314,-24.416306525731365,-49.632863786881956,1,0,s4;s3;s4;s1
c315,Cliente 315,-23.540819513895226,-47.35401546755893,1,0,s1;s3
c316,Cliente 316,-24.212622298370764,-47.63541752896247,1,0,s2;s1;s3;s2;s5
c317,Cliente 317,-23.63342939945495,-46.7020533633433,1,0,
c318,Cliente 318,-24.329856657181708,-49.338273158465526,1,0,
c319,Cliente 319,-25.230624180229114,-46.97856572037577,1,0,s1
c320,Cliente 320,-24.18658797817864,-47.86633724170139,1,0,s2;s1;s5;s2;s3
c321,Cliente 321,-24.16773368651803,-48.436230815804834,1,0,
c322,Cliente 322,-24.249494177673654,-46.465289813136515,1,0,s5;s1;s2;s1;s5
c323,Cliente 323,-24.531903388917847,-48.082932782262844,1,0,
c324,Cliente 324,-25.284382001051224,-48.35834791649868,1,0,s5
c325,Cliente 325,-24.129672326629017,-47.31483403338198,1,0,s2
c326,Cliente 326,-24.020872999482705,-46.758285598916665,1,0,s2;s3;s3;s2;s1
c327,Cliente 327,-24.709729579714494,-47.685587432921466,1,0,s1;s2;s1;s1;s4
c328,Cliente 328,-25.02341928328245,-48.46714655326616,1,0,s1;s5;s2
c329,Cliente 329,-25.08997407935922,-47.3941694281174,1,0,
c330,Cliente 330,-24.22178246613966,-49.62207305434792,1,0,
c331,Cliente 331,-24.984247213674408,-48.233722710346235,1,0,s2
c332,Cliente 332,-25.137427709391492,-47.28359235203581,1,0,s3;s4;s5;s1
c333,Cliente 333,-24.316949457343718,-48.82926880465953,1,0,s2;s1;s3
c334,Cliente 334,-25.15568381099005,-46.80784315124096,1,0,s3;s2;s2
c335,Cliente 335,-23.48277094729974,-47.862482045116735,1,0,s4;s4;s5;s5;s3
c336,Cliente 336,-24.75937147631058,-48.80492601312576,1,0,s1;s3;s5
c337,Cliente 337,-24.344966046831924,-47.50389407367933,1,0,s4
c338,Cliente 338,-24.856343722509834,-48.28453116273637,1,0,s3;s3
c339,Cliente 339,-23.66163200558915,-49.320807446550965,1,0,s1;s4
c340,Cliente 340,-24.293687029271936,-46.58224087578522,1,0,s4;s5;s1
c341,Cliente 341,-24.236354996783362,-47.90119169698646,1,0,s3;s3
c342,Cliente 342,-24.380666000460636,-47.089716249358595,1,0,
c343,Cliente 343,-23.381069357237685,-49.43169179917729,1,0,s2;s5;s3;s3;s2
c344,Cliente 344,-24.122848156412836,-46.7993316815356,1,0,s2;s4;s4;s1;s2
c345,Cliente 345,-23.68641746962867,-48.43737210169838,1,0,s1;s4
c346,Cliente 346,-25.260480459008328,-47.58091501744666,1,0,s3;s5;s4;s2;s5
c347,Cliente 347,-25.02745071447386,-47.620050582469425,1,0,s1
c348,Cliente 348,-24.68069678826893,-48.36457338399014,1,0,s2;s1;s5;s1
c349,Cliente 349,-24.652128026899085,-46.308035335122675,1,0,s5;s5;s3
c350,Cliente 350,-24.228627715519526,-49.829156134494696,1,0,s4
c351,Cliente 351,-24.226220944823925,-47.1539495087376,1,0,s1;s3;s3;s2
c352,Cliente 352,-25.293626981052473,-49.73865471555581,1,0,s4
c353,Cliente 353,-23.463373683716178,-47.18878135624764,1,0,s3;s3;s5
c354,Cliente 354,-23.360217243644655,-49.251279981972,1,0,s2;s4;s1;s1
c355,Cliente 355,-24.15745683770295,-48.01996998148265,1,0,s1;s1
c356,Cliente 356,-24.22853386104569,-49.709866410471946,1,0,s4;s1;s4
c357,Cliente 357,-23.82645864300519,-48.651680768621965,1,0,s5;s2;s1
c358,Cliente 358,-25.229473671854954,-49.00006053316082,1,0,s3;s2
c359,Cliente 359,-24.083993835437564,-49.40728456196615,1,0,s1;s3;s3;s2;s1
c360,Cliente 360,-24.326010094211732,-48.22713857299845,1,0,s1;s3;s3
c361,Cliente 361,-24.144777382019704,-47.067716075465455,1,0,s2;s4;s1;s2
c362,Cliente 362,-24.225011389552538,-49.58929858534895,1,0,
c363,Cliente 363,-24.856446536041258,-48.60031822973702,1,0,s3;s5;s2
c364,Cliente 364,-24.850930815322204,-46.81904990221517,1,0,s2;s2;s2
c365,Cliente 365,-23.6166159581774,-48.81542888135087,1,0,s4
c366,Cliente 366,-24.35054840989431,-48.06495779081181,1,0,s2;s5;s3
c367,Cliente 367,-23.52781189274857,-46.909749810478246,1,0,s3;s1;s5;s2;s2
c368,Cliente 368,-25.105240337234658,-46.728108357480004,1,0,s1;s2;s3;s4
c369,Cliente 369,-23.719356659193622,-49.7133471583424,1,0,s3
c370,Cliente 370,-24.53909072503911,-48.108441879557844,1,0,s2;s5;s1;s3;s4
c371,Cliente 371,-23.338713722382856,-46.71496925527113,1,0,s3
c372,Cliente 372,-24.95676222611516,-47.99298906036543,1,0,s5;s2;s3;s2;s5
c373,Cliente 373,-23.34422602195596,-48.374590080895224,1,0,
c374,Cliente 374,-23.993858653236515,-46.976844348196764,1,0,s2;s2;s3;s1
c375,Cliente 375,-24.419338017803444,-49.05875290715198,1,0,s5;s5;s3;s5
c376,Cliente 376,-23.74593422996129,-49.803836332742,1,0,s5;s2
c377,Cliente 377,-23.780991345062866,-49.6233450860593,1,0,
c378,Cliente 378,-24.30782964965054,-48.09862652466909,1,0,s3;s4;s4;s5
c379,Cliente 379,-23.727507514483282,-48.405811466035004,1,0,s3;s4;s1;s5;s3
c380,Cliente 380,-24.854375665394578,-47.76584339546474,1,0,s5;s2;s5
c381,Cliente 381,-25.036630068141278,-47.738952127066106,1,0,s4;s5
c382,Cliente 382,-23.374103628704518,-47.489423205117745,1,0,s3
c383,Cliente 383,-24.873344830004243,-46.57204345713245,1,0,s3
c384,Cliente 384,-25.15334906288526,-49.21925623952972,1,0,s4;s4;s5;s2;s5
c385,Cliente 385,-25.011325048189413,-47.40274700569022,1,0,s3;s5;s2
c386,Cliente 386,-23.813373848160044,-49.27430108195511,1,0,s4;s5
c387,Cliente 387,-25.27345469916446,-49.38686575063593,1,0,s1;s1;s3;s1;s4
c388,Cliente 388,-24.816897325529403,-46.87492580983252,1,0,
c389,Cliente 389,-24.265508282385643,-48.27551839535037,1,0,
c390,Cliente 390,-24.254429570421806,-49.32939604203805,1,0,s1;s1;s4;s3
c391,Cliente 391,-24.822783347761483,-48.117507144371984,1,0,s5;s5;s3;s4;s1
c392,Cliente 392,-23.404929583180895,-46.957986629198004,1,0,s1;s3;s5;s5;s3
c393,Cliente 393,-24.160578670643286,-48.48285254040994,1,0,s1;s2
c394,Cliente 394,-24.713214710882248,-48.7885001884203,1,0,s4;s4;s3
c395,Cliente 395,-24.292349571603133,-49.574443035206315,1,0,s5
c396,Cliente 396,-24.038335515928864,-49.46276200497648,1,0,
c397,Cliente 397,-23.300305706055994,-48.29638823666464,1,0,s4;s1;s1;s3
c398,Cliente 398,-23.677872977407215,-48.38142894266916,1,0,s1;s4;s4;s4;s2
c399,Cliente 399,-24.990480785882582,-48.44979392875724,1,0,s3;s1;s3
c400,Cliente 400,-23.81691438011113,-48.95724861346171,1,0,s2;s5;s2;s1;s4
c401,Cliente 401,-23.708808370582332,-47.18941013185316,1,0,
c402,Cliente 402,-24.36856190955477,-49.536477325319716,1,0,s5;s4
c403,Cliente 403,-24.264918694816092,-46.60742179809004,1,0,s2;s5;s1;s3;s4
c404,Cliente 404,-23.98912501666379,-48.16888100237134,1,0,s3
c405,Cliente 405,-23.335292500441184,-49.763166763736486,1,0,s4;s1;s5
c406,Cliente 406,-23.940134366724607,-46.83423286354114,1,0,
c407,Cliente 407,-24.92950336651288,-47.959816433564484,1,0,
c408,Cliente 408,-23.643892445099326,-48.09394360090117,1,0,s1;s4;s5;s1;s1
c409,Cliente 409,-24.887156390454376,-46.83015612126753,1,0,s5;s3;s4;s1
c410,Cliente 410,-23.833833548393397,-47.349708918891125,1,0,s1;s4;s1;s2;s5
c411,Cliente 411,-23.827601663526625,-48.52348251037779,1,0,
c412,Cliente 412,-24.17106395584135,-47.39888536444367,1,0,s5;s3;s4;s3
c413,Cliente 413,-24.474381240327983,-48.03052889856234,1,0,s4;s4;s5;s2;s3
c414,Cliente 414,-23.57258614911399,-48.57887463736796,1,0,s4;s5
c415,Cliente 415,-23.544344175601765,-47.38237652557927,1,0,s3;s4;s2;s5
c416,Cliente 416,-24.351240840438358,-49.26709237051435,1,0,
c417,Cliente 417,-24.115170330679348,-48.114517789816574,1,0,s2;s3;s2
c418,Cliente 418,-23.56309387053242,-47.58571773580597,1,0,
c419,Cliente 419,-25.220579108959377,-49.67139287349269,1,0,s1;s1;s4
c420,Cliente 420,-24.84838621901963,-48.00200269923194,1,0,s5;s2;s3
c421,Cliente 421,-24.907408817747367,-46.88258314729895,1,0,s4;s5;s1;s3;s1
c422,Cliente 422,-24.25134880091104,-47.25747117424236,1,0,s1;s3;s1
c423,Cliente 423,-24.540846870825494,-48.551166818204536,1,0,s5;s4
c424,Cliente 424,-24.972711522190007,-47.545782151192675,1,0,s4
c425,Cliente 425,-23.468054128026445,-47.36032298028336,1,0,s5
c426,Cliente 426,-23.49929936410246,-46.418313506140464,1,0,s4
c427,Cliente 427,-24.629573878549703,-47.57276809880425,1,0,s5;s5
c428,Cliente 428,-23.908078608527706,-48.44464529170368,1,0,
c429,Cliente 429,-24.236526148918188,-48.69173687403228,1,0,s4;s3;s2;s2;s1
c430,Cliente 430,-25.06790600355935,-46.35368794295682,1,0,s1
c431,Cliente 431,-24.50527833841122,-48.44244220839398,1,0,s5;s5;s3
c432,Cliente 432,-24.519378555556436,-47.90210858663177,1,0,s3;s1;s3;s1;s5
c433,Cliente 433,-24.30566334076759,-47.47536125315266,1,0,
c434,Cliente 434,-25.107318060220962,-49.373074472211435,1,0,s1;s1
c435,Cliente 435,-25.153151935966346,-48.83998796272495,1,0,
c436,Cliente 436,-24.075427221266985,-48.29460154361727,1,0,s2;s4;s1;s3
c437,Cliente 437,-24.444606038993488,-48.57042732683478,1,0,s4;s2;s5;s3;s1
c438,Cliente 438,-24.796936090110677,-49.25517763568608,1,0,
c439,Cliente 439,-25.241505845011392,-49.253465582375796,1,0,s3;s4;s5;s4
c440,Cliente 440,-23.70852609856223,-47.79255392656677,1,0,s1
c441,Cliente 441,-23.773207940040304,-46.82710294902295,1,0,s3;s5;s1;s1
c442,Cliente 442,-24.3575637251884,-47.13297599838709,1,0,s3;s3;s3
c443,Cliente 443,-23.742108894531196,-46.53000754264091,1,0,s2;s3;s5;s5;s4
c444,Cliente 444,-23.854983779325888,-49.72504492284983,1,0,s5;s4;s2;s2;s2
c445,Cliente 445,-23.64874391408028,-46.93099054376188,1,0,
c446,Cliente 446,-24.33469761024492,-46.72797222767513,1,0,s2
c447,Cliente 447,-24.59289138171504,-49.59304358107411,1,0,
c448,Cliente 448,-23.565388013701277,-46.770882415246625,1,0,s3;s1;s3
c449,Cliente 449,-23.426710422226023,-48.39123822603694,1,0,s3;s3;s5
c450,Cliente 450,-24.239058174865804,-47.19960183418289,1,0,s3
c451,Cliente 451,-24.568702539451674,-47.429787514297004,1,0,s5;s2;s5
c452,Cliente 452,-23.979502924615737,-48.10991875168199,1,0,s3;s4;s2
c453,Cliente 453,-25.165848035928523,-48.19519270986201,1,0,
c454,Cliente 454,-25.29527755789807,-48.749056526924754,1,0,s3;s5;s1;s4
c455,Cliente 455,-23.325804433669227,-48.25021607593609,1,0,s5;s3;s2;s4
c456,Cliente 456,-24.530978312397806,-49.524679064903786,1,0,s3;s4;s4;s4
c457,Cliente 457,-23.915305079750098,-49.434638221915556,1,0,s4;s5;s1
c458,Cliente 458,-23.52135335325923,-47.93569634079243,1,0,s2
c459,Cliente 459,-23.92950064360881,-48.801667661186585,1,0,s1;s3;s2;s1;s2
c460,Cliente 460,-24.360549258891634,-47.558188446570455,1,0,s1;s1
c461,Cliente 461,-24.27770511829837,-47.33098121531155,1,0,s1
c462,Cliente 462,-24.705824636339994,-48.89540078054331,1,0,s1
c463,Cliente 463,-25.123990152336624,-46.38962100871528,1,0,s5;s2;s1
c464,Cliente 464,-24.07467582125282,-49.238197866055735,1,0,
c465,Cliente 465,-24.76700285962696,-49.04155669751579,1,0,
c466,Cliente 466,-24.283536068644477,-47.52587948887535,1,0,
c467,Cliente 467,-23.56624162583063,-49.88397503211513,1,0,
c468,Cliente 468,-24.96427232273467,-47.56118428504964,1,0,s5;s3;s3;s3
c469,Cliente 469,-25.23138492045851,-47.088118943275106,1,0,s2
c470,Cliente 470,-23.728259160830717,-46.79167542476887,1,0,s1;s2;s2
c471,Cliente 471,-24.7576826357222,-48.11254565026167,1,0,s1;s4;s2
c472,Cliente 472,-25.28392443582071,-49.54268948101854,1,0,
c473,Cliente 473,-24.886346137192614,-46.423041774950384,1,0,s1;s2;s3
c474,Cliente 474,-24.606296065924155,-48.790676544327326,1,0,s5;s5
c475,Cliente 475,-24.60503729079365,-48.59778645953001,1,0,s2;s1;s5;s5
c476,Cliente 476,-23.606215221082607,-49.04929761555667,1,0,
c477,Cliente 477,-23.549938677976975,-46.64120583475131,1,0,s2
c478,Cliente 478,-24.466435749440773,-49.346671547638756,1,0,s5
c479,Cliente 479,-23.706990148892363,-46.514211459428026,1,0,s1
c480,Cliente 480,-24.23998532291782,-48.04198426069123,1,0,s2;s1;s4
c481,Cliente 481,-23.41728782598419,-47.048439546759155,1,0,s3;s5;s5;s3;s1
c482,Cliente 482,-23.629002024698703,-47.824270330986096,1,0,s5
c483,Cliente 483,-23.84854630084325,-46.86563062892804,1,0,s3
c484,Cliente 484,-24.007512216159217,-47.79551148742958,1,0,s1;s4;s3;s1
c485,Cliente 485,-23.898346899826638,-46.85404082619279,1,0,s5;s4;s1
c486,Cliente 486,-23.377066197582746,-47.91666459792998,1,0,s3;s3;s5
c487,Cliente 487,-23.75060929511225,-46.8237073371095,1,0,s2;s4;s3;s1;s3
c488,Cliente 488,-24.924522204455773,-46.89135321923844,1,0,s2
c489,Cliente 489,-24.07139401472652,-46.58176908229276,1,0,s5;s3;s1;s2;s4
c490,Cliente 490,-24.89183394175032,-47.97016126292731,1,0,s2;s3;s3
c491,Cliente 491,-23.454379850036354,-49.30266913960589,1,0,s4;s3
c492,Cliente 492,-24.81104389708084,-46.99561089339133,1,0,s4;s2
c493,Cliente 493,-24.912164430504458,-46.556558359528736,1,0,s4
c494,Cliente 494,-24.036161316360072,-47.062367172296305,1,0,
c495,Cliente 495,-23.427358264652245,-46.76152066849856,1,0,s5;s1
c496,Cliente 496,-24.269510287890622,-47.22799879944368,1,0,s4;s1;s4
c497,Cliente 497,-24.16415663670076,-47.93335181331454,1,0,s4
c498,Cliente 498,-24.660023023744795,-49.869733219706745,1,0,
c499,Cliente 499,-25.01479100347532,-49.740790685958444,1,0,s3
c500,Cliente 500,-23.953287356308927,-47.121131101081104,1,0,s1;s2;s5;s3
c501,Cliente 501,-23.424515937955537,-48.494871591105344,1,0,
c502,Cliente 502,-24.97828533710103,-48.825950583937,1,0,s2;s4
c503,Cliente 503,-23.80511848808531,-48.94480429218283,1,0,s5;s5
c504,Cliente 504,-23.932459799902837,-47.94719213481099,1,0,s2;s5;s5;s3;s5
c505,Cliente 505,-25.278854581776976,-47.739588355183756,1,0,s1;s1;s4;s2;s3
c506,Cliente 506,-25.16952133758503,-48.868117152485055,1,0,
c507,Cliente 507,-24.882169217755532,-47.008309385704656,1,0,s4
c508,Cliente 508,-23.763125763454156,-46.69656799209659,1,0,s1
c509,Cliente 509,-23.484976648848324,-47.15495450017967,1,0,s1;s5;s2
c510,Cliente 510,-24.15623299248493,-48.873699642547855,1,0,s3;s4;s1;s1
c511,Cliente 511,-23.686841625996564,-48.32852269723887,1,0,s4;s3;s2;s2
c512,Cliente 512,-23.368510195482095,-48.87857555190847,1,0,s5
c513,Cliente 513,-24.896256340988913,-48.87865029241761,1,0,s2;s4;s3;s2;s2
c514,Cliente 514,-24.158039934214795,-49.43104857682234,1,0,
c515,Cliente 515,-24.466556642364765,-49.173509084219674,1,0,s5
c516,Cliente 516,-24.70080387117593,-48.41633230534142,1,0,s5
c517,Cliente 517,-23.84645710400329,-47.332762347664115,1,0,s2
c518,Cliente 518,-23.78831996914452,-47.98290103206285,1,0,s3;s4;s5;s3
c519,Cliente 519,-25.247576419395614,-48.58510997293344,1,0,s4;s3
c520,Cliente 520,-24.699077731635047,-46.35208820242023,1,0,s4;s5;s3
c521,Cliente 521,-24.69058531808344,-48.188567781139106,1,0,s3;s5
c522,Cliente 522,-23.849632236868388,-47.71621643341706,1,0,s3;s2;s5;s2
c523,Cliente 523,-23.510245417112483,-46.91102953718256,1,0,
c524,Cliente 524,-23.323985397582117,-46.547406307129684,1,0,s4;s1
c525,Cliente 525,-24.704493125345834,-48.575780301051275,1,0,
c526,Cliente 526,-24.831074686954242,-48.538521089934,1,0,s3;s5;s2;s1;s4
c527,Cliente 527,-23.44952375827127,-47.16462562234776,1,0,s1;s2;s4
c528,Cliente 528,-24.022491061235595,-49.09829625413919,1,0,s1;s1;s2;s2;s3
c529,Cliente 529,-23.626957324320493,-46.64364699310365,1,0,s1;s3
c530,Cliente 530,-23.860834978854466,-49.13296683513912,1,0,
c531,Cliente 531,-24.027866391495273,-49.14800272164251,1,0,s5
c532,Cliente 532,-24.454767008359184,-48.590853929568404,1,0,s2
c533,Cliente 533,-23.674022468547758,-49.16452701294243,1,0,s3;s1;s1;s4
c534,Cliente 534,-24.697798816017176,-48.082422896730684,1,0,s3;s4;s2;s4
c535,Cliente 535,-23.89086262217527,-48.27351691012159,1,0,s2;s5
c536,Cliente 536,-25.209565597719585,-49.878338948403176,1,0,s4;s5;s3
c537,Cliente 537,-25.02542584826627,-49.42805176976474,1,0,s2;s1;s4
c538,Cliente 538,-23.879936471061598,-49.84997915847072,1,0,
c539,Cliente 539,-23.69808227907315,-47.3507017268948,1,0,s4;s1
c540,Cliente 540,-24.417333312150344,-49.222181985168845,1,0,s2;s3;s5;s4;s1
c541,Cliente 541,-23.455714027363644,-46.692302094024996,1,0,s5;s3
c542,Cliente 542,-24.450942915204063,-46.48926010388839,1,0,s1;s5;s2;s1;s3
c543,Cliente 543,-23.426396571786732,-48.39947575188671,1,0,s2;s3;s1;s2
c544,Cliente 544,-24.0454025598101,-46.69621151994925,1,0,s2;s2;s1
c545,Cliente 545,-25.205881127944263,-49.14933870458458,1,0,s3;s1;s5;s3;s5
c546,Cliente 546,-24.07491338682962,-49.59774584169971,1,0,
c547,Cliente 547,-24.644475414072613,-49.65234434828269,1,0,s4;s3;s1;s4;s4
c548,Cliente 548,-23.870213068547788,-46.68919309091744,1,0,s4;s1;s1
c549,Cliente 549,-24.734917092084793,-48.12902004530697,1,0,s5;s4;s1
c550,Cliente 550,-24.792188587632054,-49.48055148681617,1,0,s3
c551,Cliente 551,-23.63071495438802,-46.59929857415486,1,0,s3;s4
c552,Cliente 552,-23.97711197787725,-48.43962076496529,1,0,s1;s5;s2;s3;s3
c553,Cliente 553,-24.391917910724402,-49.15975513506443,1,0,s3;s4;s1
c554,Cliente 554,-23.629238661355927,-47.696383514052386,1,0,s4
c555,Cliente 555,-23.312986916618186,-49.290000825046846,1,0,s4;s5;s5;s1;s2
c556,Cliente 556,-24.69506289264706,-48.60002931510186,1,0,s4
c557,Cliente 557,-24.04679775596982,-48.16748310167111,1,0,s2;s2;s5;s3
c558,Cliente 558,-25.20324443868516,-46.649284514015235,1,0,s3;s1
c559,Cliente 559,-23.562002658848748,-48.322397210621496,1,0,s4;s5
c560,Cliente 560,-24.41004538642004,-48.18807940616285,1,0,s5
c561,Cliente 561,-23.789573407582935,-49.329054559480454,1,0,s5;s1;s4
c562,Cliente 562,-25.131625177032628,-46.817147753581516,1,0,s2;s4;s1
c563,Cliente 563,-23.769326971396858,-47.1381040260427,1,0,
c564,Cliente 564,-24.856192284406305,-48.006121796950225,1,0,
c565,Cliente 565,-24.071295604299266,-47.87981371937584,1,0,s5;s5
c566,Cliente 566,-23.330050350117567,-46.82491279893229,1,0,s1;s5;s2
c567,Cliente 567,-23.386630634294523,-49.023520661712915,1,0,s5
c568,Cliente 568,-23.57630224639675,-48.67990495549023,1,0,s4;s2
c569,Cliente 569,-24.558227001143194,-47.65011878039744,1,0,s3;s5;s4
c570,Cliente 570,-23.513588675087476,-48.50112725475232,1,0,s1;s3
c571,Cliente 571,-24.996781091455787,-49.82800099374668,1,0,
c572,Cliente 572,-23.94965000550006,-46.884243822476854,1,0,s4;s2
c573,Cliente 573,-24.341478342185386,-49.18947401728168,1,0,s4;s5
c574,Cliente 574,-23.63691814374711,-47.824695631901314,1,0,
c575,Cliente 575,-23.604559503551343,-48.65831289404309,1,0,s4
c576,Cliente 576,-24.463791439084893,-46.549891512757874,1,0,s4
c577,Cliente 577,-25.104627709740683,-46.61972051190555,1,0,s5
c578,Cliente 578,-23.940952274971796,-49.79394769674951,1,0,s4;s4;s1
c579,Cliente 579,-24.257750816250663,-48.70165961015323,1,0,s1
c580,Cliente 580,-24.404058455686382,-46.603442586149164,1,0,s5;s2;s3
c581,Cliente 581,-24.040579569377535,-47.89432073057515,1,0,
c582,Cliente 582,-24.110923345453973,-47.53369647868515,1,0,s5;s5
c583,Cliente 583,-24.483587058383613,-49.89082673398678,1,0,s3;s3;s3;s4;s3
c584,Cliente 584,-23.360130566478595,-48.391357894660985,1,0,s3;s5;s4;s3
c585,Cliente 585,-23.334985285566702,-49.18520114406979,1,0,s2;s5;s3;s4
c586,Cliente 586,-23.509923555850268,-47.85813448488923,1,0,
c587,Cliente 587,-24.37354733492952,-47.682839486405975,1,0,s2;s5;s4
c588,Cliente 588,-24.725125749051,-47.344773000390866,1,0,s1;s3;s3;s4
c589,Cliente 589,-24.262735627221744,-47.87550266475546,1,0,
c590,Cliente 590,-24.25147074466416,-46.6131098597849,1,0,s4;s3
c591,Cliente 591,-23.944868866082295,-46.65598431357693,1,0,s1;s1;s2;s2;s2
c592,Cliente 592,-24.249880602828156,-47.82356848134232,1,0,s3
c593,Cliente 593,-24.366707291515326,-47.215387738751055,1,0,s4;s3;s3
c594,Cliente 594,-24.394917523165354,-47.99626111812756,1,0,s5;s1;s4;s5
c595,Cliente 595,-24.443248891581018,-46.42487795876777,1,0,s2;s3;s3
c596,Cliente 596,-25.108224114876617,-46.65835480550823,1,0,
c597,Cliente 597,-24.173221562297325,-49.442549844813556,1,0,s2;s2
c598,Cliente 598,-24.07561100626897,-49.797191199449095,1,0,s3;s4
c599,Cliente 599,-23.930871604360053,-47.71002194896414,1,0,s4;s5;s2;s4
c600,Cliente 600,-24.612574317755683,-49.43595541209149,1,0,s4;s3;s4;s4
c601,Cliente 601,-24.031140901931582,-48.40260362787767,1,0,s2;s2
c602,Cliente 602,-25.193811380109956,-48.63311498586274,1,0,s5
c603,Cliente 603,-24.22038309089822,-47.04869908823254,1,0,s3
c604,Cliente 604,-25.297948865231287,-46.82664265209913,1,0,
c605,Cliente 605,-24.117699210255353,-49.481069513221264,1,0,s4
c606,Cliente 606,-24.97506078854869,-49.57761682857148,1,0,
c607,Cliente 607,-24.849889863912185,-47.89164366638353,1,0,s4;s5;s3
c608,Cliente 608,-23.430566554506935,-48.51988613243156,1,0,s5
c609,Cliente 609,-24.28817626622018,-47.49010534596872,1,0,s4;s2
c610,Cliente 610,-24.70665350843154,-49.74373500331016,1,0,s4;s2;s5;s2;s3
c611,Cliente 611,-23.58667401136763,-48.57035736716101,1,0,s3;s1;s1;s4
c612,Cliente 612,-24.988836461658806,-49.729019807506035,1,0,s5;s3;s2
c613,Cliente 613,-24.32971640725883,-48.19423745998548,1,0,s5;s3;s3
c614,Cliente 614,-23.86498586069124,-46.60482538420528,1,0,s5;s5;s1;s4
c615,Cliente 615,-25.273531290660344,-49.48720156209377,1,0,s1;s4;s2
c616,Cliente 616,-23.614495345770095,-47.528460381812096,1,0,s3;s5;s3;s3;s5
c617,Cliente 617,-23.385150830284964,-49.603826519364254,1,0,s2;s1;s4;s3
c618,Cliente 618,-23.806912628923044,-47.225246383659744,1,0,s3;s1;s1;s5;s5
c619,Cliente 619,-23.87126692661171,-48.18849304177488,1,0,s3;s1;s4;s2;s1
c620,Cliente 620,-24.728604547626283,-48.26613238795974,1,0,s5;s2;s4;s2;s4
c621,Cliente 621,-24.47015417660227,-49.640646475490435,1,0,s3;s3;s4;s4;s1
c622,Cliente 622,-24.481802813183933,-48.54103820548697,1,0,s4;s1;s3
c623,Cliente 623,-24.08225767618229,-49.44780934504186,1,0,s2;s2;s4;s4;s4
c624,Cliente 624,-25.25710746399527,-47.808619883457276,1,0,s3;s5
c625,Cliente 625,-23.663884376611712,-46.95295171847218,1,0,s2;s2
c626,Cliente 626,-24.762366798793586,-48.347165683628404,1,0,s1;s1
c627,Cliente 627,-23.39231780608823,-47.84784720526061,1,0,
c628,Cliente 628,-23.31277405241357,-46.82113679481342,1,0,s2;s3;s5
c629,Cliente 629,-23.455575045654474,-48.047946799109276,1,0,s5;s3;s1;s2
c630,Cliente 630,-24.16749190979591,-46.98796155313764,1,0,s4;s4;s1
c631,Cliente 631,-24.244578619466296,-46.446671394313285,1,0,s2;s1;s1;s1
c632,Cliente 632,-23.41308811461705,-47.212138371644635,1,0,s1;s3
c633,Cliente 633,-24.731926850829836,-47.70462107592528,1,0,
c634,Cliente 634,-24.663829310553105,-48.14473045432333,1,0,s5;s3;s1
c635,Cliente 635,-24.009562252947287,-49.611359862805145,1,0,s5;s5;s1;s1
c636,Cliente 636,-24.23775919443591,-48.381196807089914,1,0,s4
c637,Cliente 637,-23.6935185243846,-47.54382557125603,1,0,s4;s1;s1;s5
c638,Cliente 638,-24.87102776052211,-47.771636737838556,1,0,
c639,Cliente 639,-24.993960791465867,-49.13416145234854,1,0,s4;s4;s5;s4;s1
c640,Cliente 640,-24.98762999091907,-46.98748846548339,1,0,s1;s2;s3;s5
c641,Cliente 641,-24.785836155656778,-48.44627371201117,1,0,s4;s4
c642,Cliente 642,-23.72189157308807,-47.111812932188165,1,0,
c643,Cliente 643,-25.135386230023745,-49.36920551760093,1,0,s1
c644,Cliente 644,-25.07818555757986,-49.845184800265216,1,0,s2;s4
c645,Cliente 645,-23.676373369707747,-46.32362734423568,1,0,s1;s3;s5
c646,Cliente 646,-24.05216967181267,-47.39472523041417,1,0,s1;s5;s2;s1
c647,Cliente 647,-24.469908232108033,-49.01387398974722,1,0,s1;s1;s5;s2;s5
c648,Cliente 648,-24.347397607136834,-46.68504236573648,1,0,s1;s3;s3;s1
c649,Cliente 649,-24.878107767936935,-47.67647100733861,1,0,s2;s1;s3;s1
c650,Cliente 650,-23.807395911292435,-48.76524115118012,1,0,s1
c651,Cliente 651,-24.039565364271677,-46.98271453974137,1,0,
c652,Cliente 652,-23.389611760488485,-48.281462895192725,1,0,s3;s2
c653,Cliente 653,-24.914635093532883,-46.35917890815865,1,0,s1
c654,Cliente 654,-23.58145143824164,-47.10233812348041,1,0,s2;s4;s5;s3;s4
c655,Cliente 655,-23.488352658837332,-48.71321964303653,1,0,s5;s1;s1;s1
c656,Cliente 656,-23.81805016668894,-48.15080918678609,1,0,s4;s3
c657,Cliente 657,-24.530340320887156,-47.14233446528543,1,0,s3;s2
c658,Cliente 658,-23.799855218851743,-48.360692030426875,1,0,s2;s4
c659,Cliente 659,-25.09087316769958,-46.87159993660946,1,0,s3;s4;s1
c660,Cliente 660,-24.91372315295946,-47.80695093636693,1,0,s3;s2;s5;s1;s2
c661,Cliente 661,-24.81202239907802,-46.58942984937467,1,0,s2;s4;s4
c662,Cliente 662,-24.88458454281242,-47.78930183087377,1,0,s3;s4;s2;s4
c663,Cliente 663,-24.816617344645064,-47.3433267572823,1,0,s4;s2
c664,Cliente 664,-24.206764903958767,-47.72954797769309,1,0,s5;s1;s4;s5
c665,Cliente 665,-23.31732218901115,-47.55771496218196,1,0,
c666,Cliente 666,-24.7859841840734,-47.97755944803808,1,0,s4;s1;s2
c667,Cliente 667,-24.23312130380245,-46.41924419904006,1,0,s5
c668,Cliente 668,-24.16337023015734,-49.18448205267953,1,0,
c669,Cliente 669,-25.036942912618763,-47.26600243775378,1,0,s4
c670,Cliente 670,-24.64411359399781,-49.260837686834236,1,0,s5;s2
c671,Cliente 671,-24.394164902839087,-49.66710834530331,1,0,s3;s1;s5;s5
c672,Cliente 672,-24.42611900782051,-47.320592039565284,1,0,s3;s5;s5;s2;s3
c673,Cliente 673,-23.88190166003507,-47.25527007959278,1,0,s3;s5;s1;s3
c674,Cliente 674,-23.719344662567433,-46.71366711746611,1,0,s5
c675,Cliente 675,-24.446547554234524,-46.594559609829716,1,0,
c676,Cliente 676,-24.431115872532896,-48.47102141696292,1,0,s2
c677,Cliente 677,-23.511808536207656,-47.71294089445722,1,0,
c678,Cliente 678,-24.31059202796645,-46.7906366751491,1,0,s5;s5;s3;s5;s4
c679,Cliente 679,-24.371432660774392,-49.4539223690848,1,0,s1;s3;s2
c680,Cliente 680,-24.367289844812518,-47.78652801671391,1,0,s2;s1;s2;s1;s1
c681,Cliente 681,-24.673680155386695,-47.96424428469403,1,0,
c682,Cliente 682,-25.128778728566534,-48.35153875058102,1,0,
c683,Cliente 683,-25.203876760743544,-46.84252921372668,1,0,
c684,Cliente 684,-24.37581043137166,-48.29956401040878,1,0,s5;s1;s4
c685,Cliente 685,-24.22205804379651,-49.58386246744081,1,0,s2;s1;s4;s1;s3
c686,Cliente 686,-24.173414002856298,-48.05035810865112,1,0,s5;s2;s1
c687,Cliente 687,-24.412837016903467,-49.59940214929831,1,0,
c688,Cliente 688,-23.448930743893904,-47.93815831585251,1,0,s2;s1;s3;s4
c689,Cliente 689,-23.651242256158632,-49.05069696159869,1,0,
c690,Cliente 690,-24.488722594615844,-47.75057079922767,1,0,s3;s5;s5
c691,Cliente 691,-24.250092467538558,-46.594740374549914,1,0,s4;s3;s5
c692,Cliente 692,-25.2275053986046,-47.07778210882436,1,0,
c693,Cliente 693,-25.013597114715054,-47.80927137804164,1,0,
c694,Cliente 694,-24.77969086339692,-48.088491722191996,1,0,s3;s1;s5
c695,Cliente 695,-24.85962375329718,-47.00316087594412,1,0,s1
c696,Cliente 696,-25.187635439656624,-48.52532056493646,1,0,
c697,Cliente 697,-24.968791660060166,-49.882858585344444,1,0,
c698,Cliente 698,-23.33259620855156,-46.90597984719372,1,0,s1
c699,Cliente 699,-23.524968538196653,-48.96043960442067,1,0,s3;s1;s2
c700,Cliente 700,-25.015955203883745,-48.75131796497956,1,0,s1;s4
c701,Cliente 701,-25.29862756327625,-47.191528089966965,1,0,s5;s1
c702,Cliente 702,-24.27288233970212,-49.21372896777459,1,0,
c703,Cliente 703,-24.14426474019464,-46.93784257645855,1,0,s5;s1;s4;s2;s5
c704,Cliente 704,-24.580490518687338,-47.2267899174755,1,0,s5;s5;s1
c705,Cliente 705,-24.188022063152783,-49.72556962248835,1,0,s2;s3;s5
c706,Cliente 706,-23.672041936074347,-46.33223593528734,1,0,s3;s5;s1;s1;s2
c707,Cliente 707,-24.35334969165502,-49.709575238887254,1,0,s3;s5
c708,Cliente 708,-24.096984144476103,-47.623027453531414,1,0,s3;s3
c709,Cliente 709,-24.519325671913144,-48.926947716440225,1,0,s2
c710,Cliente 710,-25.154936849520254,-46.56023635318607,1,0,s2;s1;s4;s5;s2
c711,Cliente 711,-25.280460483955313,-48.33147499418703,1,0,s5
c712,Cliente 712,-24.103443858953057,-48.437391440002415,1,0,s2;s1;s1;s5
c713,Cliente 713,-24.70246913325003,-46.78919055061597,1,0,s4;s4
c714,Cliente 714,-25.216930548363532,-49.4421018622674,1,0,s2;s4;s2;s1;s5
c715,Cliente 715,-24.457000697810702,-49.62288160281917,1,0,s2;s1;s4
c716,Cliente 716,-24.856091286275976,-46.38638848008639,1,0,s4
c717,Cliente 717,-23.8725242141815,-46.40024808109971,1,0,
c718,Cliente 718,-23.592652202051056,-46.85811974304197,1,0,s2;s1;s5
c719,Cliente 719,-23.749932395783286,-48.33596113159336,1,0,s4;s4;s5;s2;s5
c720,Cliente 720,-24.45407407536282,-48.75067046219568,1,0,s3
c721,Cliente 721,-23.995292825027366,-47.41850899337408,1,0,s2;s2;s5
c722,Cliente 722,-24.63859523373381,-48.07314838205349,1,0,s1;s1;s1
c723,Cliente 723,-25.134144372870185,-49.74178003190204,1,0,s1;s5;s3;s3
c724,Cliente 724,-24.132064023300234,-49.173190095586186,1,0,s2
c725,Cliente 725,-23.778774776195323,-48.56919142242829,1,0,
c726,Cliente 726,-24.47885233629203,-49.479874818678134,1,0,s1;s2
c727,Cliente 727,-23.993628907911475,-49.64736910421246,1,0,s3
c728,Cliente 728,-25.19862505066651,-47.00765039449328,1,0,s3;s5
c729,Cliente 729,-23.553419578324736,-46.49350473926617,1,0,s1
c730,Cliente 730,-24.578735835864297,-47.100716168421805,1,0,s5
c731,Cliente 731,-24.795970822978823,-48.70900413903117,1,0,s1;s3;s3;s2;s4
c732,Cliente 732,-24.62888600427965,-48.986614308191506,1,0,s4;s4;s3
c733,Cliente 733,-24.227760579209704,-48.19757061207705,1,0,s1;s4;s3;s2
c734,Cliente 734,-23.44829283093081,-47.84065818614769,1,0,s1;s2;s2
c735,Cliente 735,-24.401294761926174,-47.37472976368646,1,0,s3;s1;s3
c736,Cliente 736,-23.4221017704275,-48.19225464785337,1,0,
c737,Cliente 737,-24.3570384695634,-46.86441977661532,1,0,
c738,Cliente 738,-24.827268326508133,-46.93998284296566,1,0,s2
c739,Cliente 739,-24.348681343988417,-48.470632248544845,1,0,s4
c740,Cliente 740,-24.151202155636135,-49.67071799817945,1,0,s5;s1;s3;s2
c741,Cliente 741,-25.13147603020039,-47.493035858222456,1,0,s5;s3;s2;s5
c742,Cliente 742,-24.451970151766627,-48.85031089801059,1,0,
c743,Cliente 743,-24.531505735133937,-48.668982995705626,1,0,
c744,Cliente 744,-23.484674135579617,-48.16582122147907,1,0,s2;s3;s5;s4
c745,Cliente 745,-24.489948576786873,-49.25208086249215,1,0,s3;s3;s4;s3;s1
c746,Cliente 746,-25.25253855764629,-46.89330708994887,1,0,s5;s1;s3;s3
c747,Cliente 747,-23.383924274625777,-49.08756460388461,1,0,
c748,Cliente 748,-24.057768186162978,-48.974773114073116,1,0,s5;s4
c749,Cliente 749,-23.393680032739557,-48.97866092057687,1,0,s2;s3;s5;s5;s3
c750,Cliente 750,-24.20819733987209,-47.90887484392035,1,0,s4;s4
c751,Cliente 751,-25.105160775416188,-48.14186210994377,1,0,s2;s4;s3;s4;s5
c752,Cliente 752,-23.892198291323417,-47.013804769421945,1,0,s4;s3;s1
c753,Cliente 753,-23.75765852817759,-46.766962188742006,1,0,s5
c754,Cliente 754,-24.67653100875976,-46.55775491806358,1,0,
c755,Cliente 755,-23.809739696522506,-48.51263652320448,1,0,s1;s3;s4;s3;s3
c756,Cliente 756,-25.238687867901422,-48.20355802993985,1,0,s1;s2
c757,Cliente 757,-23.3495564984821,-49.11934857541819,1,0,s4;s1;s3;s1;s2
c758,Cliente 758,-23.419507771776836,-47.7899001405806,1,0,s4;s4;s5;s5
c759,Cliente 759,-23.54620642588521,-48.055368100790545,1,0,
c760,Cliente 760,-23.33162824009272,-46.46002306832722,1,0,s4;s5;s1;s2;s5
c761,Cliente 761,-23.384696950140327,-49.7049625967271,1,0,
c762,Cliente 762,-24.44944169902423,-47.71196593900588,1,0,s2;s5;s3;s5
c763,Cliente 763,-23.90310842815674,-46.95080823825072,1,0,s1
c764,Cliente 764,-23.476024486344542,-48.853290129262035,1,0,s2;s5;s4
c765,Cliente 765,-23.493752513360054,-49.85640316906409,1,0,s3;s4;s3;s2;s1
c766,Cliente 766,-24.75694189210925,-46.62152065053746,1,0,
c767,Cliente 767,-23.96287266035749,-49.3498837974222,1,0,s2;s2
c768,Cliente 768,-24.04081503691777,-49.87146917462609,1,0,s1;s5;s2
c769,Cliente 769,-24.586074516902837,-46.96278433308269,1,0,
c770,Cliente 770,-23.642465826219656,-46.551969606588465,1,0,s2
c771,Cliente 771,-24.023570394556714,-49.33215711787001,1,0,s3;s1;s1
c772,Cliente 772,-24.954323772010714,-47.81527369183907,1,0,s4;s1
c773,Cliente 773,-24.511799793601295,-46.930884486769,1,0,s2;s4;s4
c774,Cliente 774,-25.0203382531395,-49.58995569667749,1,0,s1
c775,Cliente 775,-24.667866636326018,-47.62323336279505,1,0,s5
c776,Cliente 776,-24.26544354860512,-48.03430076085331,1,0,s3;s5
c777,Cliente 777,-23.893164755034572,-47.10413796470088,1,0,s5;s3;s3;s4;s1
c778,Cliente 778,-24.7232137010098,-46.93787033652847,1,0,s1;s2;s4;s4;s5
c779,Cliente 779,-23.41594980324617,-49.778707674807166,1,0,
c780,Cliente 780,-24.392035501251268,-49.02388526505179,1,0,s4
c781,Cliente 781,-24.53254494425453,-47.854280411614134,1,0,s2;s4;s5;s5;s3
c782,Cliente 782,-24.77180749875774,-48.319212414633675,1,0,
c783,Cliente 783,-24.196473583879527,-48.59620483494851,1,0,s3
c784,Cliente 784,-24.838038533553533,-48.89548469213267,1,0,s3
c785,Cliente 785,-24.54884090446094,-47.117777002490286,1,0,s1;s4;s2;s5;s1
c786,Cliente 786,-24.454044018073905,-49.24845736255191,1,0,s2;s4;s3;s2;s3
c787,Cliente 787,-24.584716695827314,-49.71092762547064,1,0,s4;s1;s2
c788,Cliente 788,-24.412352986893552,-46.441635012457105,1,0,s2;s3;s3;s1;s1
c789,Cliente 789,-25.08772601764617,-46.92515784796621,1,0,s5;s1;s2
c790,Cliente 790,-24.06541234516951,-47.878067997887925,1,0,s5
c791,Cliente 791,-24.077498069347644,-47.172163364426574,1,0,s1;s4;s4
c792,Cliente 792,-23.5822024385821,-48.91765829300552,1,0,s2;s5;s2;s3;s3
c793,Cliente 793,-24.81070820113863,-47.74337403416952,1,0,s4;s2
c794,Cliente 794,-24.958256748771312,-47.33718971755266,1,0,s5;s3;s4
c795,Cliente 795,-25.118006903466892,-48.04389274519666,1,0,s1;s2;s4;s2
c796,Cliente 796,-23.853187517171648,-47.677832550779016,1,0,
c797,Cliente 797,-23.733348435246164,-46.788475537331536,1,0,s4;s3
c798,Cliente 798,-24.611328278473792,-48.156420954188455,1,0,s5;s1
c799,Cliente 799,-23.977536548004622,-47.74267245353446,1,0,s1;s3;s3;s4;s5
c800,Cliente 800,-23.63926254547762,-47.34753629152206,1,0,s5;s3;s2
c801,Cliente 801,-23.990466964675026,-48.02500346663796,1,0,s2
c802,Cliente 802,-25.012666542098618,-46.66169304181314,1,0,
c803,Cliente 803,-24.043332319602026,-46.97791600502598,1,0,s2;s3;s4;s4
c804,Cliente 804,-25.25456470560119,-46.80479477324527,1,0,s2;s1;s5;s1
c805,Cliente 805,-24.153582090716572,-48.976909221867594,1,0,s5;s3;s3;s2
c806,Cliente 806,-23.715534977502806,-48.675043073988114,1,0,s4;s4;s2
c807,Cliente 807,-24.04023090040941,-46.81399170951314,1,0,
c808,Cliente 808,-24.29407089976838,-47.6909474639196,1,0,s1;s4;s2;s2
c809,Cliente 809,-24.44699364674058,-48.68550886512443,1,0,s2
c810,Cliente 810,-24.501059671713197,-47.99807211448941,1,0,s1;s3
c811,Cliente 811,-24.632307278438052,-47.34725544058743,1,0,s4;s2;s4;s1;s2
c812,Cliente 812,-23.57878176599768,-47.95561244467978,1,0,
c813,Cliente 813,-24.68190779447017,-46.49306876830992,1,0,s1
c814,Cliente 814,-24.55353404237932,-49.68433288346545,1,0,s2;s2;s5
c815,Cliente 815,-25.025799312273445,-46.82593869860247,1,0,s3
c816,Cliente 816,-23.33842531609697,-47.336441700379936,1,0,s4;s3
c817,Cliente 817,-23.656610706133364,-47.81123852679102,1,0,
c818,Cliente 818,-23.732692953871215,-48.19828605302446,1,0,s1;s4;s5;s3;s1
c819,Cliente 819,-24.875565955648035,-49.09367681963355,1,0,
c820,Cliente 820,-23.418083850757032,-49.86822038589082,1,0,s3;s5;s3;s2;s4
c821,Cliente 821,-24.929282540491094,-47.912153885364184,1,0,
c822,Cliente 822,-24.683405936097824,-48.813793848379284,1,0,s1;s2;s3
c823,Cliente 823,-23.8198312251334,-48.854123947026416,1,0,s4;s5;s5;s3;s1
c824,Cliente 824,-23.37391577466498,-48.3917640393447,1,0,s3;s4;s4;s1
c825,Cliente 825,-24.238105492340818,-47.91311687663954,1,0,s4;s5;s4;s4;s4
c826,Cliente 826,-24.73893352945589,-48.973700464623576,1,0,s5;s4;s5;s4
c827,Cliente 827,-23.649440392611424,-46.86867827953289,1,0,s3;s2;s4
c828,Cliente 828,-23.5764361697778,-48.55172655516149,1,0,s3
c829,Cliente 829,-23.551411874736267,-48.54117777188416,1,0,s3;s2;s5;s3
c830,Cliente 830,-23.43331613754618,-46.77968136902942,1,0,s5;s3;s3;s5
c831,Cliente 831,-23.324125024080434,-47.54438989546556,1,0,s2;s4;s3;s3
c832,Cliente 832,-23.33310967107144,-48.85489935798983,1,0,s4;s1
c833,Cliente 833,-23.91596020386014,-46.87477533986609,1,0,s5;s1
c834,Cliente 834,-24.48177978975125,-47.65951883386115,1,0,
c835,Cliente 835,-23.716838305925485,-48.66518241926001,1,0,s5;s2
c836,Cliente 836,-24.030994429560106,-48.917108695619596,1,0,
c837,Cliente 837,-24.348643096827036,-49.71941952224976,1,0,s1
c838,Cliente 838,-24.630135275803127,-48.42789883678942,1,0,s4
c839,Cliente 839,-24.36305067004139,-48.72756197867702,1,0,s4;s5
c840,Cliente 840,-25.190112978227667,-49.17031332639789,1,0,s4;s2
c841,Cliente 841,-23.394471817055013,-48.095486944231915,1,0,s4
c842,Cliente 842,-24.719231237878223,-47.17834352883137,1,0,
c843,Cliente 843,-25.296763091915302,-47.59144158975784,1,0,s5;s1
c844,Cliente 844,-25.19030484549189,-46.65194778287685,1,0,
c845,Cliente 845,-24.866156237367967,-49.59981700724395,1,0,s1;s2;s5;s3
c846,Cliente 846,-25.212609749090518,-47.39896882068975,1,0,s5;s4;s5;s2
c847,Cliente 847,-24.80248951306891,-46.97824863326131,1,0,s1;s5;s5;s3;s3
c848,Cliente 848,-23.7447553316633,-48.89303688609262,1,0,s3;s4
c849,Cliente 849,-23.419450512309464,-49.88792507800163,1,0,s1;s3;s5;s4;s3
c850,Cliente 850,-24.27003828406771,-49.834988736677815,1,0,s4
c851,Cliente 851,-23.82075810165396,-47.3718845319719,1,0,s5
c852,Cliente 852,-25.20936392964574,-48.15385445433957,1,0,s2
c853,Cliente 853,-24.794538373120414,-49.393449086195325,1,0,s3;s2;s3;s4;s4
c854,Cliente 854,-25.281926528249837,-48.66037714547464,1,0,s1
c855,Cliente 855,-24.7693275180425,-49.435763505504596,1,0,s3;s1
c856,Cliente 856,-23.849799779344274,-48.84314473057597,1,0,s2;s1
c857,Cliente 857,-24.32789928854541,-47.04012440519152,1,0,s5;s2;s5
c858,Cliente 858,-24.632244609063445,-48.37595334086097,1,0,s2;s3;s2
c859,Cliente 859,-25.008965279463556,-48.626157937529435,1,0,
c860,Cliente 860,-24.579872216239256,-49.08438795885087,1,0,s5;s4;s4;s4;s2
c861,Cliente 861,-24.750062154581194,-46.717464498008944,1,0,s3;s4;s5;s1
c862,Cliente 862,-24.039652677516784,-49.04821006184628,1,0,s4;s1;s2;s3;s3
c863,Cliente 863,-25.160901634431074,-47.80727270911531,1,0,s5
c864,Cliente 864,-23.513796670039948,-48.786491067258574,1,0,s1;s1;s2
c865,Cliente 865,-24.723759188419635,-49.83960685673829,1,0,s4;s1
c866,Cliente 866,-25.081679655556304,-46.759475765790064,1,0,s4;s5;s4
c867,Cliente 867,-24.022479130814713,-46.90863137334576,1,0,s1;s1;s1
c868,Cliente 868,-24.087153532124347,-49.09258763044669,1,0,s5;s3;s1;s2
c869,Cliente 869,-24.643181903567022,-48.585280705934984,1,0,s4;s1;s1;s3;s5
c870,Cliente 870,-24.991664716306772,-49.06751848499982,1,0,
c871,Cliente 871,-24.652991882772028,-48.36714860332129,1,0,
c872,Cliente 872,-24.311537250654737,-46.59335961557972,1,0,s2;s1;s5;s5
c873,Cliente 873,-23.57061641208526,-49.04840981613104,1,0,
c874,Cliente 874,-24.664547235447657,-48.039340833976524,1,0,s3;s1
c875,Cliente 875,-23.657096273762914,-46.67418892965854,1,0,s5;s1;s4;s5;s1
c876,Cliente 876,-24.760310333293642,-48.2526378547973,1,0,s4;s3;s5
c877,Cliente 877,-23.579754477379982,-46.399799449819064,1,0,s1;s1;s4
c878,Cliente 878,-23.716865332379527,-46.34548517413787,1,0,s1;s4
c879,Cliente 879,-23.529891464995906,-49.519218441153484,1,0,s5;s5;s3;s2;s1
c880,Cliente 880,-24.445678621742918,-48.213320029931076,1,0,
c881,Cliente 881,-23.93741210573843,-49.652080317594844,1,0,s5;s3;s3;s3
c882,Cliente 882,-23.446088806448504,-48.56470091985653,1,0,s2;s2;s4;s5;s1
c883,Cliente 883,-24.42853748263052,-48.110982400547016,1,0,s5;s2;s1;s5
c884,Cliente 884,-23.919895084394334,-49.021225544562036,1,0,s5
c885,Cliente 885,-24.012073766645234,-47.850381469813954,1,0,s5;s5;s5;s2
c886,Cliente 886,-24.333709937939012,-47.907259035540584,1,0,s1
c887,Cliente 887,-24.71453535817603,-48.962440932938115,1,0,
c888,Cliente 888,-23.418236719933965,-49.41152775752468,1,0,s4
c889,Cliente 889,-23.592848857217408,-47.4603729054511,1,0,s4;s2;s5;s4
c890,Cliente 890,-24.100658770224864,-48.37832911788493,1,0,s5;s1
c891,Cliente 891,-25.1398860088738,-47.22970722219801,1,0,s3
c892,Cliente 892,-23.682960948775282,-46.821649131325145,1,0,s2
c893,Cliente 893,-24.82956531181345,-48.41389998452385,1,0,s2;s3;s3;s3;s5
c894,Cliente 894,-23.4939880439932,-47.646993534315115,1,0,s5;s2;s1
c895,Cliente 895,-23.542372523573775,-49.64002849476874,1,0,
c896,Cliente 896,-24.61015788069982,-47.181676946513015,1,0,
c897,Cliente 897,-24.321769580097023,-47.579433486104904,1,0,s2
c898,Cliente 898,-23.466091120118662,-48.38036152243803,1,0,
c899,Cliente 899,-23.675752556103657,-48.260172543945025,1,0,
c900,Cliente 900,-24.00798157180061,-46.858977600262556,1,0,
c901,Cliente 901,-23.319635048260654,-47.834163889068236,1,0,s1;s3
c902,Cliente 902,-24.82357359534292,-48.68729688327132,1,0,s5;s1;s2;s5
c903,Cliente 903,-24.969249669964984,-49.54389414753544,1,0,s1;s3
c904,Cliente 904,-24.70504973641495,-47.4672425958264,1,0,
c905,Cliente 905,-25.122214050324573,-48.360059829337104,1,0,s1
c906,Cliente 906,-23.666790323588376,-49.826809454514695,1,0,s4;s1;s5;s1;s4
c907,Cliente 907,-24.396969490044206,-49.52566582563618,1,0,s5;s3;s2
c908,Cliente 908,-23.37744330962797,-46.95553679818085,1,0,s4;s1
c909,Cliente 909,-25.181454095504826,-47.176758153983066,1,0,s5;s5;s2;s1;s1
c910,Cliente 910,-24.94622656889328,-48.57541716882171,1,0,s1;s4;s3;s5
c911,Cliente 911,-24.960090988702632,-49.50620933452611,1,0,s5
c912,Cliente 912,-25.2771466768462,-46.94877067537822,1,0,s2;s2
c913,Cliente 913,-24.711393838931198,-48.062265773898396,1,0,s1;s3;s3;s1
c914,Cliente 914,-23.406434296199723,-48.857129022797885,1,0,
c915,Cliente 915,-25.070456008907527,-48.96310798658324,1,0,s1;s3;s3;s2
c916,Cliente 916,-23.501731687520383,-49.06571105719898,1,0,s2;s5
c917,Cliente 917,-24.35705818422025,-47.25668681173037,1,0,s3;s1;s4;s4
c918,Cliente 918,-24.63941329489259,-47.20050591829606,1,0,s3;s2;s1;s5;s5
c919,Cliente 919,-24.131963496898585,-47.33967708312393,1,0,s1;s3;s4
c920,Cliente 920,-24.42281190713393,-48.70071443897912,1,0,s5;s3;s3;s5
c921,Cliente 921,-24.765787275126513,-48.40493091947135,1,0,s1;s2;s2;s4;s3
c922,Cliente 922,-24.543254364898452,-46.427144418208016,1,0,s2;s2;s3;s1
c923,Cliente 923,-24.00936523674096,-48.40866293641807,1,0,s5;s1;s2
c924,Cliente 924,-23.988180788957617,-46.36720117523568,1,0,
c925,Cliente 925,-23.71851478269224,-47.05059612505664,1,0,
c926,Cliente 926,-24.304662991930822,-49.592152421276054,1,0,s2
c927,Cliente 927,-24.63913319588165,-46.886713002425694,1,0,
c928,Cliente 928,-24.13314561720907,-49.38250966371547,1,0,
c929,Cliente 929,-24.200835543020734,-47.96498666543148,1,0,s1;s1
c930,Cliente 930,-25.22947220654376,-46.9492868548765,1,0,s1;s4;s1;s4
c931,Cliente 931,-23.367626142931105,-47.953862792830755,1,0,s1;s3
c932,Cliente 932,-23.734034463679674,-49.376417911264646,1,0,s4;s4
c933,Cliente 933,-24.863244848003607,-48.054245869290675,1,0,s2
c934,Cliente 934,-23.93870220195491,-46.59559402094636,1,0,s4
c935,Cliente 935,-23.346143836885137,-46.72096525476618,1,0,s2;s5;s2;s4
c936,Cliente 936,-25.030996088281203,-48.645564243561566,1,0,s1;s2
c937,Cliente 937,-23.584257083708717,-48.76819156206016,1,0,s1;s3;s3;s4
c938,Cliente 938,-23.64004546208409,-48.378723539739255,1,0,s1;s5;s2;s5;s1
c939,Cliente 939,-24.373355436845074,-47.225260935674285,1,0,s3;s2;s4
c940,Cliente 940,-24.95974835121615,-46.77306549639422,1,0,
c941,Cliente 941,-25.064433992584696,-47.72412129671682,1,0,
c942,Cliente 942,-24.904107391481073,-47.74976970121244,1,0,s5;s4
c943,Cliente 943,-24.55767372915985,-49.77501315882253,1,0,s5;s5;s4
c944,Cliente 944,-23.327833066336993,-47.868867509065495,1,0,s1;s1
c945,Cliente 945,-23.61118044877553,-47.969487153881204,1,0,s5;s4
c946,Cliente 946,-24.567951162355087,-47.80177327592575,1,0,s2;s4;s2;s5;s1
c947,Cliente 947,-24.820748370857796,-49.02246504413227,1,0,s1;s1;s4;s3
c948,Cliente 948,-24.292739588856115,-49.447530373651794,1,0,s5
c949,Cliente 949,-23.6095908866759,-49.8678874395272,1,0,s4;s1;s2;s4
c950,Cliente 950,-23.65043522360984,-47.505217448745455,1,0,s4
c951,Cliente 951,-24.972728873905893,-46.60152826964615,1,0,s5;s3
c952,Cliente 952,-23.809695778341336,-47.19973935934811,1,0,s4;s5
c953,Cliente 953,-24.855452433593996,-47.23661250612587,1,0,s5;s3
c954,Cliente 954,-24.93950002741769,-48.74623120754707,1,0,s4;s2
c955,Cliente 955,-23.99622993725318,-48.380378446896174,1,0,s1
c956,Cliente 956,-24.213008993638063,-47.61358923278846,1,0,s2;s1
c957,Cliente 957,-24.10759170219558,-47.86688757049877,1,0,
c958,Cliente 958,-24.289752895386453,-47.063099900575324,1,0,s4;s3;s1;s2
c959,Cliente 959,-23.967347469906564,-47.78521930861419,1,0,s2;s2;s3;s5;s4
c960,Cliente 960,-24.433672443614714,-47.814893998741425,1,0,s4;s1
c961,Cliente 961,-24.841658956827544,-49.688278881468875,1,0,s4;s1;s3;s2
c962,Cliente 962,-25.031359016433086,-48.93431276091506,1,0,s3;s4
c963,Cliente 963,-23.89636642500711,-47.50649071976985,1,0,s2;s5;s5;s3;s5
c964,Cliente 964,-24.60989410783159,-47.178811567908916,1,0,
c965,Cliente 965,-23.46221432727661,-46.608221921387454,1,0,s4;s2;s2
c966,Cliente 966,-24.830702854509838,-46.88811407889961,1,0,
c967,Cliente 967,-24.80000915493886,-49.32867622536884,1,0,s4;s1;s3
c968,Cliente 968,-23.328615900639733,-47.410553365460984,1,0,s2
c969,Cliente 969,-24.68463435104409,-46.34255130382968,1,0,s3;s2;s3;s3;s2
c970,Cliente 970,-24.61215004893121,-47.165248160313965,1,0,s1;s2;s3
c971,Cliente 971,-24.10837561821083,-48.31447821092817,1,0,s4;s4
c972,Cliente 972,-23.487568859855067,-49.560872912343086,1,0,s2;s1
c973,Cliente 973,-24.84546326270933,-48.817367100454526,1,0,s5
c974,Cliente 974,-23.911299879081405,-47.33231865553011,1,0,s3
c975,Cliente 975,-23.485341239950078,-47.73603140259318,1,0,s1;s1
c976,Cliente 976,-23.851847817603776,-49.37363683191112,1,0,s4;s5;s3
c977,Cliente 977,-24.121278813281993,-49.34606979954328,1,0,s3;s4;s3;s5;s1
c978,Cliente 978,-23.70922175637363,-46.89227521077913,1,0,s4;s5;s1;s5
c979,Cliente 979,-24.956897230095443,-47.25322125474114,1,0,s5;s3;s5
c980,Cliente 980,-23.337421494838537,-48.07843493888241,1,0,s3;s5
c981,Cliente 981,-23.989685193187054,-46.35629452783812,1,0,s5;s5;s5;s3;s5
c982,Cliente 982,-23.402817621519844,-47.9537936790963,1,0,s3;s5;s1;s5
c983,Cliente 983,-23.64665051841315,-48.19824168795889,1,0,s1
c984,Cliente 984,-24.60394235024497,-49.853450178206494,1,0,s4;s1
c985,Cliente 985,-24.773410100396635,-49.63988947495917,1,0,s3;s3;s2;s5;s2
c986,Cliente 986,-24.830977434187194,-49.10590418344627,1,0,s4;s5;s5;s1
c987,Cliente 987,-24.434383405801007,-48.42775989640044,1,0,
c988,Cliente 988,-23.30973435543259,-48.412726831517546,1,0,s5;s5;s3;s1
c989,Cliente 989,-24.75553752752574,-48.73709188347998,1,0,
c990,Cliente 990,-24.86823510567701,-47.360262946944275,1,0,s3;s5;s5;s3;s3
c991,Cliente 991,-24.170467900575378,-48.75376793969265,1,0,s1;s3
c992,Cliente 992,-25.006450850835698,-47.57022321384899,1,0,s4;s5;s5
c993,Cliente 993,-23.680866491592003,-47.2868157630335,1,0,
c994,Cliente 994,-24.99949468152834,-48.30120017975604,1,0,s3;s4;s2;s1;s5
c995,Cliente 995,-24.091206880150573,-49.50237486051885,1,0,s4;s4;s2;s1;s3
c996,Cliente 996,-24.59975353028823,-46.87298586986309,1,0,s1;s1;s2;s5
c997,Cliente 997,-24.99611570406744,-49.80025057511815,1,0,s5;s1
c998,Cliente 998,-24.801918555384656,-47.44364642355371,1,0,s5;s2;s2;s2
c999,Cliente 999,-25.18095069149829,-48.63435264982947,1,0,s4;s1;s2
c1000,Cliente 1000,-24.303994561572335,-47.50965018194508,1,0,s4;s5;s2;s3
